4,Jack,updated.by.like_id_4@example.com,hashed_pw_4,2025-04-30 22:03:13,2025-05-10 22:51:20
6,John,updated.by.like_id_6@example.com,pass_between_5_6,2025-04-30 22:03:13,2025-05-10 22:51:20
9,Mike,updated.by.like_id_9@example.com,hashed_pw_9,2025-04-30 22:03:13,2025-05-10 22:51:20
10,Tom,updated.by.like_id_10@example.com,hashed_pw_10,2025-04-30 22:03:13,2025-05-10 22:51:20
11,Steve,updated.by.like_id_11@example.com,{{random(string)}},2025-04-30 23:24:35,2025-05-10 22:51:20
13,Bob,updated.by.like_id_13@example.com,TY2DIA5t,2025-05-01 23:36:59,2025-05-10 22:51:20
17,Chris,updated.by.like_id_17@example.com,l5uVjvMj,2025-05-02 00:01:39,2025-05-10 22:51:20
18,Paul,updated.by.like_id_18@example.com,TzBpVZRZ,2025-05-02 22:39:42,2025-05-10 22:51:20
19,Mark,updated.by.like_id_19@example.com,hashed_pw_11,2025-05-03 10:00:00,2025-05-10 22:51:20
20,Luke,updated.by.like_id_20@example.com,hashed_pw_12,2025-05-03 15:00:00,2025-05-10 22:51:20
21,James,updated.by.like_id_21@example.com,hashed_pw_13,2025-05-03 15:00:00,2025-05-10 22:51:20
25,David,updated.by.like_id_25@example.com,hashed_pw_15,2025-05-03 18:00:00,2025-05-10 22:51:20
26,Peter,updated.by.like_id_26@example.com,q75946123,2025-05-03 04:43:28,2025-05-10 22:51:20
29,Andrew,updated.by.like_id_29@example.com,RANDOM_PASSWORD,2025-05-03 23:25:33,2025-05-10 22:51:20
30,Kevin,updated.by.like_id_30@example.com,zn9qiPbpWf,2025-05-03 23:31:44,2025-05-10 22:51:20
31,Brian,updated.by.like_id_31@example.com,Ep8v5XYiiG,2025-05-03 23:34:36,2025-05-10 22:51:20
32,Jason,updated.by.like_id_32@example.com,$2a$10$FiK0WDzTnsoZ4BjSVO1du.lgqUCeLcvSxod0vm/anfg0nyEOU7H2m,2025-05-05 10:59:26,2025-05-10 22:51:20
33,张伟,updated.by.like_id_33@example.com,$2a$10$abc123xyz789newhashedpwd,2024-11-01 09:00:00,2025-05-10 22:51:20
34,王芳,updated.by.like_id_34@example.com,$2a$10$xyz789abc123newhashedpwd,2024-11-05 14:20:00,2025-05-10 22:51:20
35,李娜,updated.by.like_id_35@example.com,$2a$10$def456ghi789newhashedpwd,2024-11-10 11:30:00,2025-05-10 22:51:20
36,刘强,updated.by.like_id_36@example.com,$2a$10$jkl012mno345newhashedpwd,2024-11-15 16:00:00,2025-05-10 22:51:20
37,陈杰,updated.by.like_id_37@example.com,$2a$10$pqr678stu901newhashedpwd,2024-11-20 10:45:00,2025-05-10 22:51:20
38,杨洋,updated.by.like_id_38@example.com,$2a$10$vwx234yza567newhashedpwd,2024-11-25 13:15:00,2025-05-10 22:51:20
39,赵敏,updated.by.like_id_39@example.com,$2a$10$bcd890efg123newhashedpwd,2024-12-01 08:30:00,2025-05-10 22:51:20
40,黄磊,updated.by.like_id_40@example.com,$2a$10$hij456klm789newhashedpwd,2024-12-05 12:00:00,2025-05-10 22:51:20
41,周迅,updated.by.like_id_41@example.com,mysecret123,2025-05-06 21:34:34,2025-05-10 22:51:20
42,吴刚,updated.by.like_id_42@example.com,code2025,2025-05-06 21:41:47,2025-05-10 22:51:20
66,奥里给,xBXALeGIVB,iC7otxgRo3,2025-05-11 21:57:10,2025-05-11 21:57:10
67,ding2,q995182408@gmail.com,$2a$10$F8hsl2u4dJgbazmLGLt1sOBb4NLaSiD.uzrRmTP9I47GuTUENMNHe,2025-05-12 19:33:43,2025-05-12 19:33:43
76,冬泳怪哥,d4d1Wpc98U,Z2fwSRaalP,2025-05-17 00:41:07,2025-05-17 00:41:07
85,测试用户0520,87l3iwjSaq,uZwcE0S9lH,2025-05-19 20:50:11,2025-05-19 20:50:11
