id,username,email,password,created_at,updated_at
2,bob,bob@example.com,hashed_pw_2,2025-04-30 22:03:13,2025-04-30 22:03:13
4,diana,diana.hero@no-prompts.com,hashed_pw_4,2025-04-30 22:03:13,2025-05-07 22:22:13
6,fiona,fiona@no-prompts.com,hashed_pw_6,2025-04-30 22:03:13,2025-05-07 22:22:13
9,ian,ian@example.com,hashed_pw_9,2025-04-30 22:03:13,2025-04-30 22:03:13
10,julia,julia@no-prompts.com,hashed_pw_10,2025-04-30 22:03:13,2025-05-07 22:12:31
11,奥里给,奥里给@example.com,{{random(string)}},2025-04-30 23:24:35,2025-05-03 13:00:00
13,奥里给给给力奥,奥里给给给力奥@example.com,TY2DIA5t,2025-05-01 23:36:59,2025-05-03 13:00:00
17,三剑客时代,l5uVjvMj@example.com,l5uVjvMj,2025-05-02 00:01:39,2025-05-02 00:01:39
18,给力吧兄弟,TzBpVZRZ@example.com,TzBpVZRZ,2025-05-02 22:39:42,2025-05-02 22:39:42
19,karen,karen.new@no-prompts.com,hashed_pw_11,2025-05-03 10:00:00,2025-05-07 22:12:31
20,laura,laura@example.com,hashed_pw_12,2025-05-03 15:00:00,2025-05-03 15:00:00
21,mike,mike@no-prompts.com,hashed_pw_13,2025-05-03 15:00:00,2025-05-07 22:22:13
25,sarah,sarah@example.com,hashed_pw_15,2025-05-03 18:00:00,2025-05-03 18:01:00
26,Ding,q995182408@gmail.com,q75946123,2025-05-03 04:43:28,2025-05-03 04:43:28
29,emma,emma@example.com,RANDOM_PASSWORD,2025-05-03 23:25:33,2025-05-03 23:25:33
30,ayama,ayama@example.com,zn9qiPbpWf,2025-05-03 23:31:44,2025-05-03 23:31:44
31,nathan,nathan@example.com,Ep8v5XYiiG,2025-05-03 23:34:36,2025-05-03 23:34:36
32,ding2000,ding829@gmail.com,$2a$10$FiK0WDzTnsoZ4BjSVO1du.lgqUCeLcvSxod0vm/anfg0nyEOU7H2m,2025-05-05 10:59:26,2025-05-05 10:59:26
33,sarah_dev,sarah.dev@newcode.io,$2a$10$abc123xyz789newhashedpwd,2024-11-01 09:00:00,2025-05-06 21:31:35
34,leo_traveler,leo.traveler@explore.com,$2a$10$xyz789abc123newhashedpwd,2024-11-05 14:20:00,2024-11-05 14:20:00
35,nina_musician,nina.musician@sound.org,$2a$10$def456ghi789newhashedpwd,2024-11-10 11:30:00,2024-11-10 11:30:00
36,oliver_chef,oliver.chef@cuisine.net,$2a$10$jkl012mno345newhashedpwd,2024-11-15 16:00:00,2024-11-15 16:00:00
37,maya_designer,maya.designer@studio.co,$2a$10$pqr678stu901newhashedpwd,2024-11-20 10:45:00,2024-11-20 10:45:00
38,ethan_scientist,ethan.scientist@lab.edu,$2a$10$vwx234yza567newhashedpwd,2024-11-25 13:15:00,2024-11-25 13:15:00
39,zoe_marketer,zoe.marketer@agency.com,$2a$10$bcd890efg123newhashedpwd,2024-12-01 08:30:00,2024-12-01 08:30:00
40,finn_photographer,finn.photographer@lens.org,$2a$10$hij456klm789newhashedpwd,2024-12-05 12:00:00,2024-12-05 12:00:00
41,alice_writer,alice.writer@story.com,mysecret123,2025-05-06 21:34:34,2025-05-06 21:34:34
42,tom_coder,tom.coder@dev.net,code2025,2025-05-06 21:41:47,2025-05-06 21:41:47
65,测试01,W8IcpiLFvy@aoligei.com,dnlGwaeGbe,2025-05-08 21:29:51,2025-05-08 21:29:51
